top_category,mean_revenue_False,mean_revenue_True,mean_orders_False,mean_orders_True,mean_cr_False,mean_cr_True
beauty,227900.00535714286,817387.8344444444,189.9375,528.3333333333334,0.017988300786359414,0.033762493589954236
electronics,231209.79064327487,713554.9414285714,191.39766081871346,498.57142857142856,0.017969518939336186,0.03340377280189901
fashion,223028.62052083333,741210.54,184.63020833333334,497.7142857142857,0.01781159203080462,0.033328906315134625
grocery,220628.95744897958,709568.9140000001,180.51020408163265,510.6,0.0176391436408469,0.032539556561012574
home,227520.91606557378,815733.7871428571,188.52459016393442,490.7142857142857,0.018043099744474978,0.03302289824561006
